--
-- PostgreSQL database dump
--

-- Dumped from database version 11.4
-- Dumped by pg_dump version 11.4

-- Started on 2021-03-26 22:12:38

SET statement_timeout = 0;
SET lock_timeout = 0;
SET idle_in_transaction_session_timeout = 0;
SET client_encoding = 'UTF8';
SET standard_conforming_strings = on;
SELECT pg_catalog.set_config('search_path', '', false);
SET check_function_bodies = false;
SET xmloption = content;
SET client_min_messages = warning;
SET row_security = off;

SET default_tablespace = '';

SET default_with_oids = false;

--
-- TOC entry 197 (class 1259 OID 32787)
-- Name: comments; Type: TABLE; Schema: public; Owner: postgres
--

CREATE TABLE public.comments (
    id numeric(10,0) NOT NULL,
    text character varying(200) NOT NULL,
    created_date timestamp(4) with time zone NOT NULL,
    post_id numeric NOT NULL,
    user_id numeric NOT NULL
);


ALTER TABLE public.comments OWNER TO postgres;

--
-- TOC entry 202 (class 1259 OID 32889)
-- Name: hibernate_sequence; Type: SEQUENCE; Schema: public; Owner: postgres
--

CREATE SEQUENCE public.hibernate_sequence
    START WITH 1
    INCREMENT BY 1
    NO MINVALUE
    NO MAXVALUE
    CACHE 1;


ALTER TABLE public.hibernate_sequence OWNER TO postgres;

--
-- TOC entry 196 (class 1259 OID 32779)
-- Name: posts; Type: TABLE; Schema: public; Owner: postgres
--

CREATE TABLE public.posts (
    id numeric(10,0) NOT NULL,
    url character varying(100),
    description character varying(400),
    vote_count bigint,
    user_id numeric(10,0) NOT NULL,
    subredd_id numeric(10,0) NOT NULL,
    created_date timestamp without time zone,
    post_name character varying(200)
);


ALTER TABLE public.posts OWNER TO postgres;

--
-- TOC entry 203 (class 1259 OID 49179)
-- Name: refreshtoken; Type: TABLE; Schema: public; Owner: postgres
--

CREATE TABLE public.refreshtoken (
    id numeric(10,0) NOT NULL,
    token character varying(200) NOT NULL,
    created_date time without time zone NOT NULL
);


ALTER TABLE public.refreshtoken OWNER TO postgres;

--
-- TOC entry 201 (class 1259 OID 32799)
-- Name: subreddius; Type: TABLE; Schema: public; Owner: postgres
--

CREATE TABLE public.subreddius (
    id numeric(10,0) NOT NULL,
    name character varying(120) NOT NULL,
    description character varying(120) NOT NULL,
    user_id numeric(10,0) NOT NULL,
    creation_date timestamp without time zone
);


ALTER TABLE public.subreddius OWNER TO postgres;

--
-- TOC entry 200 (class 1259 OID 32796)
-- Name: tokens; Type: TABLE; Schema: public; Owner: postgres
--

CREATE TABLE public.tokens (
    id numeric(10,0) NOT NULL,
    token character varying(300) NOT NULL,
    user_id numeric(10,0) NOT NULL,
    expiration_date timestamp without time zone
);


ALTER TABLE public.tokens OWNER TO postgres;

--
-- TOC entry 198 (class 1259 OID 32790)
-- Name: users; Type: TABLE; Schema: public; Owner: postgres
--

CREATE TABLE public.users (
    id numeric(10,0) NOT NULL,
    username character varying(100) NOT NULL,
    password character varying(100) NOT NULL,
    email character varying(100) NOT NULL,
    creation_date timestamp(4) without time zone NOT NULL,
    enabled boolean NOT NULL
);


ALTER TABLE public.users OWNER TO postgres;

--
-- TOC entry 199 (class 1259 OID 32793)
-- Name: votes; Type: TABLE; Schema: public; Owner: postgres
--

CREATE TABLE public.votes (
    id numeric(10,0) NOT NULL,
    post_id numeric(10,0) NOT NULL,
    user_id numeric(10,0) NOT NULL,
    vote_type character varying(20) NOT NULL
);


ALTER TABLE public.votes OWNER TO postgres;

--
-- TOC entry 2855 (class 0 OID 32787)
-- Dependencies: 197
-- Data for Name: comments; Type: TABLE DATA; Schema: public; Owner: postgres
--

COPY public.comments (id, text, created_date, post_id, user_id) FROM stdin;
50	Happy bloody and kind of fake valentines day	2020-09-19 10:40:59.473-05	48	30
51	That was diabolical	2020-09-19 11:34:58.457-05	48	30
52	He attacked with his lazo lacerr!! 	2020-09-19 11:36:05.076-05	43	30
131	Another attack on the factory!! 	2020-10-06 14:28:50.05-05	48	30
134	Hazard materials team is coming!! 	2020-10-14 09:28:03.15-05	48	30
517	<p>My name is Dominik De Koko</p>	2021-01-05 10:08:22.941-05	45	30
533	<p>I am agree with this bro!!.</p>	2021-01-05 23:28:47.04-05	45	30
535	<p>Hello there!</p>	2021-01-05 23:38:36.173-05	45	30
536	<p>This is just brilliant!!</p>	2021-01-05 23:44:06.992-05	45	30
537	<p>okay</p>	2021-01-05 23:45:54.208-05	45	30
540	<p>okay</p>	2021-01-05 23:49:49.312-05	45	30
541	<p>Someone else could do it wrong</p>	2021-01-05 23:55:14.766-05	45	30
542	<p>For a brick, it flew pretty good</p>	2021-01-06 00:01:31.008-05	45	30
543	<p>I am laughting on this</p>	2021-01-06 00:01:59.514-05	45	30
548	<p>You are the boss!</p>	2021-01-06 00:07:17.647-05	45	30
549	<p>You can join my Noble team if you want</p>	2021-01-06 00:11:39.504-05	467	169
550	<p>You can join my Noble team if you want</p>	2021-01-06 00:11:42.435-05	467	169
551	<p>You can join my Noble team if you want</p>	2021-01-06 00:11:43.018-05	467	169
552	<p>You can join my Noble team if you want</p>	2021-01-06 00:11:43.346-05	467	169
685	<p>with an epic comment down here</p>	2021-01-27 00:02:59.851-05	46	30
686	<p>with an epic comment down here</p>	2021-01-27 00:03:02.343-05	46	30
\.


--
-- TOC entry 2854 (class 0 OID 32779)
-- Dependencies: 196
-- Data for Name: posts; Type: TABLE DATA; Schema: public; Owner: postgres
--

COPY public.posts (id, url, description, vote_count, user_id, subredd_id, created_date, post_name) FROM stdin;
45	\N	An awesome description	1	30	35	2020-09-16 21:13:14.214	First Most Epic Post Ever!!
46	\N	An awesome description	1	30	35	2020-09-16 22:11:50.333	First Most Epic Post Ever!!
47	\N	An awesome description	1	30	35	2020-09-19 09:47:09.745	Most Epic Post Ever!!
44	\N	An awesome description	1	30	35	2020-09-16 20:29:41.807	First Most Epic Post Ever!!
128	\N	An awesome description	1	30	35	2020-10-06 14:26:46.986	Another Epic post!!
43	\N	An awesome description	2	30	35	2020-09-10 22:29:37.57	First Most Epic Post Ever!!
48	\N	An awesome description	2	30	35	2020-09-19 09:47:09.738	Most Epic Post Ever!!
444	\N	\N	0	30	35	2020-12-25 18:10:02.53	We have another 3312!!
452	FAFA	<p>FAFAFAFA</p>	0	169	132	2020-12-25 18:39:52.543	FFAFA
453	fafa	<p>fafafa</p>	0	169	132	2020-12-25 18:48:29.957	fafa
455	fafafa	<p><strong><em>ffafafa</em></strong></p>	0	169	407	2020-12-25 18:54:56.044	fafafa
456	fafa	<p><strong><em>I love first mmission</em></strong></p>	0	169	409	2020-12-25 18:59:42.821	fafa
461		<p>faffafa</p>	0	169	411	2020-12-25 19:27:14.863	fafafa
466	halo-delayed	<p>We all know our favorite game it is now delayed due to development issues, this is not something weird since last Game show where everybody throw "#%"# on this game</p>	0	169	407	2020-12-25 19:32:16.213	Halo Infinite delayed till 2022 fall
468	team-sull	<p>Sullivan is joining nerds team, HOORAH!!!</p>\n<p>&nbsp;</p>	0	169	132	2020-12-25 19:38:48.398	Sullivan participation
467		<p>Who wants to join our Halo CE team?</p>\n<p>Team Spartan needs you!!!</p>	1	169	407	2020-12-25 19:33:47.384	Need to create a Halo team for Halo CE
445	\N	\N	1	169	35	2020-12-25 18:10:40.035	We have another 3312!!
450	fafa	<p>fafafafafa</p>	1	169	35	2020-12-25 18:35:50.563	fafa
678		<p style="text-align: center;"><em><strong>Enjoyyyy my great application!!</strong></em></p>	1	169	34	2021-01-26 23:39:44.263	This is my first Spring application Man !! I am freaking happy
688	skyrim/vamp-king	<p>I am stuck trying to kill Vamp King on Greenland. I have tried everything and I am not causing any damage.</p>	1	169	687	2021-01-27 00:06:39.904	How to kill Vampire King
\.


--
-- TOC entry 2861 (class 0 OID 49179)
-- Dependencies: 203
-- Data for Name: refreshtoken; Type: TABLE DATA; Schema: public; Owner: postgres
--

COPY public.refreshtoken (id, token, created_date) FROM stdin;
82	c0d0d518-ff54-40f8-b6c1-af1388052545	12:52:34.889
83	b26009eb-6821-43bf-8f1b-f8fedbfc586e	09:31:25.301
84	ec470655-b114-458d-909e-ed4c599df5c5	10:11:02.844
85	c422df28-9a90-46d1-a48c-52939d646d98	10:11:24.625
86	8b18a8df-2c67-4855-8965-ff95bd7c9d37	10:13:32.974
87	2aa34ab9-66d3-4412-8f3c-4c48b20c1066	10:15:22.433
88	50296d94-386a-456b-ac31-92a371321f79	10:16:52.206
89	7994d199-ae8b-4ccb-8511-df390f5202f7	10:18:22.676
90	9352b64d-7523-40a5-9d11-66e1dd07cf97	10:20:02.746
91	996182ac-4b6e-42ab-aec0-3f6be77b2011	10:21:16.866
92	26b8b6dd-cb80-45de-b1a0-c30eabba2dba	10:22:32.727
93	6c0e6aef-abc3-46df-973c-85e4c21a75cb	10:29:14.319
94	c38490e0-213d-4714-ad21-34d53ede426c	10:31:25.897
95	e99d7c3f-97ff-41a1-9fd2-dae7ea76bfcd	10:31:53.458
96	30620331-b4bc-4492-9abc-d005f8ac13bc	10:32:05.67
97	54c9cf47-0cb1-4518-8b0d-e4dba31d5075	10:32:05.712
98	c569fc1b-76d0-46ef-bc51-354f0d684737	10:32:06.559
99	9ba723a2-422f-4cb8-a882-19dfff641365	10:32:07.215
100	b7cfed42-6274-4263-b9a8-d05248f79994	10:32:07.918
101	a0d2f55c-4a1b-419d-858f-4f06490989c0	10:32:08.559
102	d3ac4742-1aa3-4ad7-bd85-2476bd94aa38	10:32:08.738
103	192ff774-dc1a-434c-95b0-8ce85fe26039	10:32:08.957
104	98fb8511-0437-4232-9393-2df093e056dc	10:32:08.984
105	abf4b6b0-6f09-410e-aa7a-e369e6da9840	10:32:09.193
106	2d6458aa-82de-4097-9616-0b0ff9d175dc	10:32:09.343
107	376cd389-a4d5-4f38-874c-03436c8c5679	10:32:09.574
108	c49adfd5-3f31-4072-8a1f-86dfc952bdfb	10:32:09.601
109	215e5e20-2e5e-4c1a-971b-edca1d28b205	10:32:09.834
110	549388ef-b0ee-47c2-8072-c03cfe718735	10:32:09.862
111	483235dc-b7e3-40f4-b9df-22b351837796	10:32:10.102
112	43743266-71d1-4ec3-8e68-2366a41e0460	10:32:10.119
113	fce11851-0536-406f-8d2b-5b3d24a09204	10:32:10.333
114	8954bac9-ef16-4489-a581-3920b3986c57	10:37:27.481
115	c937f9b0-6d51-4cd2-b4fc-521946900dce	10:37:59.664
116	7d83ddac-dcdb-4824-8217-cb3dce351da5	10:38:09.773
117	5501f3b5-8d36-4db2-ac90-a8d0d507f7af	10:39:26.261
118	07273500-b45d-4e4c-bc65-c79167f34663	11:20:47.866
119	8a9ad8bb-78b0-4bde-9b9b-5379202cfe5a	11:22:41.608
120	8ab89841-5761-4c57-94fa-3a7ae4a825d6	11:23:47.991
121	98f8651d-8744-463e-82b6-c0f80819c6e3	11:26:20.512
122	4a0bac29-1b84-4ec6-a973-2d404b54b31a	11:28:14.232
123	9d298150-4e5f-40ea-8bad-433a8ff9ebaf	11:31:19.874
124	f7a9f853-bf90-4d0e-96ed-d4f0ba8d83a4	11:56:13.773
125	c9f4a2dc-16fa-47a8-b25d-740b1188ed18	11:59:22.404
126	a13ca58b-7cd9-4f38-99f8-4df138cb8695	12:01:15.611
127	2e7e6774-40d6-4554-95ca-daac6882cfc0	13:55:00.55
130	a8b9b501-4986-48ea-b8fb-7976c2bd9033	14:28:09.837
133	1ed18d7b-7eec-4852-a210-2226cb214840	09:26:31.668
135	087ea85b-73c1-40b3-afa8-ce8206a0dc6b	09:31:35.161
136	c3d08967-2909-40af-b6c4-2a8e14dc2a5f	01:20:08.003
137	9c2d4cc9-8ba8-4b35-bc21-7e3fe1962886	01:21:35.635
150	227a430d-bb07-4666-b04c-611b133738df	00:01:15.952
151	5ddc2803-c0a4-486a-a7e5-fcc975d8973e	00:01:25.259
152	8fa9cc51-32cc-4027-a834-f7869ad152ab	00:13:04.079
153	98e42ccd-fbb9-45fc-8876-7640aa16a08f	00:13:04.142
154	e0f7387b-395e-4e2e-886e-1eb66eac1cba	00:13:27.436
155	98f39992-2e62-44a4-997d-3094c51f05be	00:18:15.013
156	72436e08-643b-467c-b19a-e70d670e3632	00:35:10.249
157	2175df95-de9f-4d8f-bb6f-9dd3deb37496	20:04:42.239
158	89562657-0a02-40d6-9ace-8f2208db5499	21:20:28.681
159	66e661f7-fcfe-42fa-88db-b90a42dc6169	15:54:37.609
160	06aa1b85-76fb-49d7-a320-a2de9de6c796	16:34:51.26
173	40752127-ac19-49c8-ade5-0bf5210d00ca	12:07:29.452
174	d435e0aa-7c34-4c53-a716-ca6f646436cb	12:07:53.033
175	984065b3-dbdf-4462-b490-eb979eada4a0	12:08:19.827
176	1f90af42-5217-4f9b-bcf0-a60814a0c2e6	12:12:10.806
177	f3aeb466-b881-41ae-b04d-efe9985bcb24	13:35:07.121
178	59d43bf0-3f39-466f-b16a-391592a6e0fa	13:35:21.741
179	d778ae2b-5cf7-4cbd-a178-ec4a702a8d2d	13:42:50.128
180	ca765c20-5683-4959-b96b-695e796b29e3	13:54:20.173
181	47c10b9e-3ec7-4440-999d-8c20580fc8f6	14:16:22.617
182	f3b48719-c9b0-4f2a-832c-5e8805fcb59f	14:26:41.822
183	5f856038-990f-4729-b6df-c8c4b08c7009	14:27:24.88
184	d47efc21-ff2b-4cf6-9910-dc9b653645f8	15:20:54.998
185	7214330f-d00b-4a9c-aa96-8673386c98ca	15:21:04.149
186	11c8c2bd-b702-4733-a42b-818a19e039e7	15:56:22.382
187	71703e6b-ec00-476c-ba5c-63d65e2631b1	15:56:22.456
188	2033d0ad-8ad9-4d49-9fbd-3d2c360a64f1	16:02:48.682
189	2d79876d-0001-47aa-8bc2-049cbbbbb4db	16:07:22.369
190	ea1bb132-a54e-4ab7-9df5-0be7499f9bac	16:09:16.574
191	df7fcbb3-eb2d-4dab-ae57-12a46dbca440	16:14:01.555
194	6be8b78f-65bb-44cf-a221-20ec76b74d06	16:18:40.242
195	e7c96372-16e4-44a7-afd5-43f60e34ab68	16:18:55.095
196	2484ba6d-14b0-4b1d-a67f-8752dd28a43e	16:19:48.822
197	dcecf420-9cfe-4383-bb2d-5a78947f1fb6	16:19:49.971
198	b4e78d7a-84e8-4578-8c5d-4acfc6a26f39	16:19:54.451
199	51304077-1c85-4877-bbd6-994ef90034ec	17:14:11.877
200	3c52c969-5c43-44ea-9af0-e04b2889bb67	17:24:34.23
201	1cbc50d2-cff2-45eb-b6e7-8fd5a328876b	17:24:48.722
202	919e1899-ec8d-4306-846f-7b105b4938c6	17:30:24.569
203	90ea75e1-498e-47d9-abb2-24e381cdb5e0	18:43:42.049
204	132dfb53-d224-41b3-aaa8-d03e36368abc	18:47:21.535
205	f8ad207a-41d3-407e-bbb7-564c05d828ee	18:47:32.085
206	97a7a2b6-ae9c-49a4-a254-30a0d8f153b2	19:52:00.219
207	2476fdae-c635-429b-8402-4f03a2a73c27	20:05:02.442
208	2966688a-98af-430d-8bd9-77bca480a019	20:05:57.106
209	9f446b65-2ceb-4307-aff5-fe71afa42f3a	20:05:59.212
210	9d8d2849-389f-4854-b03e-55fc91952d43	20:12:41.804
211	0d2d96a5-1643-4651-9e96-515a860c6e7b	20:12:50.624
212	16d82562-25e5-4983-b1e9-ef5ff553747e	20:13:15.536
213	fa965051-5601-4be9-8279-102c928f9c41	20:13:35.055
214	0f423ea1-cac1-40e9-ae47-991a571e6e30	20:13:36.623
215	62513a80-960a-4711-92aa-7ec61c26487b	20:13:42.108
216	c1386a7d-b5b8-4615-a102-1476475a9be6	20:13:44.31
217	258993ea-f860-4857-ab33-f26c0158d556	20:13:58.229
218	284e0ec4-6603-475d-988a-5a480c9d856a	20:14:08.912
219	8f68cf9a-4912-4688-a264-28a280609721	20:14:43.322
220	934a185a-26dd-49c2-b3b9-348994c2a49a	20:18:31.877
221	883172ff-ecec-4d4b-8c07-6145a8c56891	20:18:43.711
222	c25dcdd3-bbf9-4f07-8a4b-615acf02ddf8	20:18:57.976
223	950796a9-48b4-43df-8f27-0251fd5fb08c	21:33:46.415
224	0b61a30f-fff7-42bb-a4ec-822c02a06e11	21:34:09.683
225	b4a6af59-4c7b-4cf4-a28a-ffb8974c92f2	21:37:19.303
226	88bbaca0-f881-462f-a759-2081d91536bb	21:37:22.953
227	b9c69d28-9561-42e5-99a7-e110a26f879c	21:37:38.93
228	1b2ded99-ab62-4ab8-b03c-886230b6169d	21:37:48.351
229	8cf83067-63cd-4d93-88b2-7412eec82e06	21:38:08.395
230	b0acf44a-0845-4799-a1a3-95f2cb344dab	21:38:11.628
231	2adfa47d-dca1-4e05-b6d0-1505dee00319	21:38:15.611
232	600297dd-7aa2-4c3e-a502-8d98ddaeb30a	21:43:17.292
233	19d7ea40-0f29-4022-8fc5-f8387d71061d	21:43:54.951
234	be501fe3-7802-448e-a011-5a7a91a6486e	21:44:34.012
235	4d54dbc8-0d02-42ad-b075-8046f0358838	21:44:45.264
236	b15726c2-05cc-4bd9-bdb5-5a5af8ae658e	21:46:30.19
237	8d547532-d6e1-448b-9945-43e2768c26a4	21:46:59.542
238	57b9dd82-61d4-4284-90e0-5caeabdf2bf3	21:47:10.852
239	c5d2ff06-1750-4cca-9b9c-fa53904d8fcb	21:47:23.45
240	83510585-c3b7-44ee-9610-4036756b29fc	21:47:37.921
241	32c7db0e-c9b3-47d3-9b4f-a3e00a5e38db	21:47:47.809
242	f23a1a69-27e3-4d8d-ab5a-5457a3a8c252	21:49:11.757
243	56f90d29-60e2-474e-8a51-0bc4dc24f89e	21:49:27.435
244	dc7e9a59-a362-4043-8999-1dc691e36b3f	21:49:36.728
245	bec40821-b7fa-4218-80de-6132c21932db	21:49:58.547
246	dcfc3f89-16e1-474f-a20e-d8db47754c1c	21:50:10.424
247	6468c7ee-dbda-4e2f-8276-c3b01762aa49	21:50:13.581
248	0f77f2af-ca39-4d33-9843-6d4b0837b56f	21:50:17.612
249	ed34d809-31c4-4fe6-aa2b-f73363683353	21:50:58.62
250	4a480304-0278-4fbe-b1e4-59c45fff3f87	21:51:02.246
251	c4baf49b-6ead-4813-8714-e381fda6ad80	21:51:14.782
252	4f1013c1-057e-46ed-9dd9-45b3caa5a725	21:51:18.724
253	4a1896ff-6788-4b7f-ab39-4a61faa5fd7f	21:51:45.941
254	d409b27f-255e-46b2-9019-4f168bb1d6ce	21:51:53.434
255	d47f0024-63fc-4f85-85d9-56de1dc8462d	21:53:51.4
256	e8eb39bf-60fc-427d-b64f-20c39b56873e	21:53:56.563
257	42232f3f-4765-4a0e-80a7-28bcfb5676ef	21:54:00.236
258	5708921a-441d-4602-afcf-4304cb512c68	21:54:03.382
259	3b1fd74e-e4d3-4c1a-950e-481ec8263706	21:54:50.301
260	68531f7c-17ce-4bdd-ba10-e1184baad7ad	21:54:58.723
261	bb6b78a6-1ba8-45a2-8405-3b7997d140cc	21:55:08.578
262	21e9d6a3-c1b9-41f7-985a-ca766d1210e4	21:55:11.244
263	78c3cd63-4967-4462-8c65-ec7a583f220f	21:55:46.69
264	291d9e2c-3d12-48cd-b084-eb14e522d45c	21:55:51.366
265	d4044c12-727e-4fe4-ba07-ed17f68f12f0	21:56:49.888
266	dcb62180-df34-4548-8949-f6dcb465742c	21:57:02
267	8fecae45-e352-4180-8855-db80feaa89cb	21:57:17.357
268	533681fc-cd61-4bd5-a8bf-f87efa1114d0	21:58:19.093
269	ab675cbe-46a2-4ee4-bd5e-ab26dd5d8ba3	21:58:39.739
270	1d02891c-3176-43ea-b193-6e330aba3cbd	21:58:50.956
271	d84ac178-ba87-47b3-951f-10e15124e5f7	21:59:47.886
272	e4b1f825-95a9-49d1-b559-3ecc8beb8475	21:59:53.223
273	e010d27b-bc7a-49e8-aa8b-1a7d30d1eae5	22:00:39.262
274	57ab1efa-825e-4c1f-ac15-f13fc781cbc2	22:00:45.897
275	1bb0ee43-662c-4049-9f6a-d448813d7b1e	22:00:50.947
276	e9b70c2d-57a1-4aa4-9cbe-f6afbd8b74f0	22:52:04.647
277	f1cb0bb8-20bc-4ada-9f90-e60e92840b01	22:52:11.907
278	82d7cb78-a58b-455c-b1d5-803583def956	22:52:16.146
279	56ec30f4-e9fc-49ae-8fab-47367e52498f	10:24:21.829
280	537cd378-db3b-45ea-b856-4871353f393b	10:25:01.724
281	f3bf14c1-c40a-4954-899a-62fb59ca9bfe	11:23:03.285
282	4cc0b7bf-6fa8-47a9-898d-212b072fa5e3	11:24:06.35
283	711f0191-282f-4964-975d-3e20c94b0ab5	11:25:59.678
284	156c109e-37da-41af-8029-472b7b3f084c	11:44:46.847
285	83e2ccf8-5739-4693-8e3e-bac9a976b220	11:46:30.833
286	2c178a58-ecee-440b-8086-f4bda9996848	11:48:19.366
287	493b708d-bd55-4e1e-9a99-78ab3fd410ee	11:53:31.944
288	6715d636-ea7b-47eb-9113-22e33ed7fdb5	11:55:14.211
289	2734030a-eb24-49b5-ade1-f83418e6d526	11:57:05.152
290	37901595-b062-4b5f-9f0a-6e9d03f4e786	11:58:40.217
291	87e5eb93-7ae4-46b1-8f65-bdd179c1ea28	12:00:11.452
292	9743974f-753a-4247-b484-d7e7647b7946	12:02:12.735
293	a83b9fc4-feec-4dd0-a97c-de0752247c9a	12:04:24.919
294	e86e6503-d7d0-4b62-9be0-5ab4dbf62216	12:17:38.433
295	1098bd7b-ae9b-4115-b0e1-27d21357b768	12:18:00.622
296	ee079615-7cce-4913-a34e-54ca3ad7eefc	12:20:06.064
297	08f35963-ad69-4145-8b26-549be3106e34	12:21:39.005
298	9c150f71-579e-499f-95f8-6955c07bb881	12:26:22.648
299	c265aa2e-3d76-4b89-ba7f-83c5c9baa3f2	12:28:00.265
300	667d1081-9b5f-484a-8932-654162a8fd3c	12:29:30.988
301	a9cb83f7-d4b2-4c04-a119-ffe46d6ae78a	12:31:04.862
302	efb1f7cf-2b58-481f-80bc-82fab8a0e1cf	12:32:37.446
303	fa851bff-e14c-498a-815d-e86528a98bba	12:34:50.69
304	b1eeadc3-9d10-4bf9-ae2b-e16b530f263d	09:28:15.748
305	767030a8-e7c9-4e90-894a-1143b2feb064	09:29:35.159
306	46e1385e-98fe-4833-a0dd-5114b516d95c	09:31:05.367
307	07831705-f789-416d-b324-a9dd13b1cc79	09:31:49.73
308	4b03d19f-7e58-4ff5-9d94-5212cc47a185	09:32:36.635
309	3a092e08-9a56-4a6e-971c-99b5fcd5af90	09:34:10.646
310	f3b1cd9c-5e92-43d9-a871-4a8e90692000	09:37:05.396
311	2b799f6c-6665-47bd-bf0f-110b459fa08c	09:37:12.93
312	73ac2588-aa28-41fd-94da-513077423af2	09:42:33.332
313	baae665c-b6b3-48e0-b7c5-f1c17dd8abfe	09:44:23.105
314	b122b7a7-2828-43b0-9abf-5632e3edea65	09:47:28.426
315	831ac3b4-8938-464b-853f-03b6138f234f	09:49:22.838
316	a2a51844-6fd4-41fe-9b14-ef773a7d86d2	09:50:55.999
317	5a50c39d-687d-4af1-9003-250e4cde5384	09:52:48.921
318	578dd8d9-2bbc-46a8-b1de-2199a3240c75	10:03:23.73
319	e18f0679-ef9a-4335-933d-b5814a6865ee	13:37:06.28
320	bc693440-2d1c-450b-b87c-8dde2143c8b8	13:37:26.277
321	101519f1-abba-4005-afa2-64eb21a50020	13:40:08.032
322	0b586966-8c60-4bd5-a411-d0da80668a2c	13:40:08.12
323	555c1f9e-f9f0-46cc-93fc-fa9c548f38f3	14:22:06.409
324	f6fc79af-9526-449f-b3c3-808c5e1c0a58	14:23:16.258
325	89081b4f-8941-40aa-beba-f5bc2c20cd37	14:23:37.377
326	924f6f03-d8d8-495e-a3ba-a63f25727e3a	14:25:41.044
327	7002265a-6126-449e-a6b1-7561b8ae74b6	14:25:41.139
328	f3f232df-3775-4f92-be11-dc5e299984f5	19:58:55.653
329	44826dc1-7f11-40e1-a769-89c3e7a461ad	19:59:15.287
330	c4533ea5-9723-4559-a562-3671367ef0a1	20:06:18.938
331	48dbc2fa-19fc-4ea5-820b-acae41d31bae	20:08:24.922
332	01d1e353-6dfe-493d-b544-8091a2f9461a	20:11:34.29
333	9c97b226-0bd3-456d-85d7-8616cb8f5173	20:19:39.731
334	5af9b926-f31d-41d6-9357-6d802face5ec	20:22:21.723
335	e80af234-3bf8-4381-b2df-2ee8e6d13254	20:28:30.669
336	56430a45-3a26-4a17-9a49-b6df556b2ff8	20:30:58.663
337	8471724d-48c1-4b5d-b5b9-606a29f5477c	20:32:50.271
338	c0320dee-7412-4e4d-a08d-27e168f077e6	20:37:02.435
339	1143337d-9fb0-4a01-95aa-780b83062bf3	20:38:44.333
340	00750f85-96d0-452d-bcce-257d95ac7a25	20:42:12.073
341	585da77e-e8f5-4866-ba7b-908cd9cfa826	21:06:21.533
342	c1dfbdd0-9829-4fc4-b9b4-a3d909b1f3dd	21:07:57.902
343	0063afe2-dc80-407c-aac2-439cafe40a51	22:11:40.532
344	14b18053-7778-4cc3-8f63-a9874fe09f75	22:18:54.196
345	8d0baa8b-4f4c-4ca3-9aef-a5e2981b9749	22:52:54.734
346	d15eab61-6ade-4110-830c-ef28f84963ff	22:59:47.192
347	9b93710f-ab68-409d-8966-8e5e54830275	23:01:54.95
348	07d9a2f1-2948-45e3-a62f-b14bcaec8a68	23:03:48.078
349	404ec854-74c5-4b44-ac6d-c6e65be232de	23:05:28.812
350	f46e8ca6-27e0-40d4-9f9e-1bf98fcd568c	23:07:12.415
351	36611d77-66bd-42ab-abf5-9eef4099d4d2	23:08:53.366
352	96453c3b-9607-4025-8f9c-dd505737e093	23:10:26.019
353	ab453a71-ed6d-4f56-8d66-a5f0d2c0e659	23:12:00.16
354	84ff4c19-e838-4077-bc73-11f75dbcca32	23:14:34.774
355	dcd4453a-1836-417a-bd89-0721e09e4431	23:16:11.48
356	7c69462e-72a6-445c-aebc-d605ab386622	23:19:26.598
357	f0e13971-9c53-42f9-aa2e-b7bd554ac5e7	23:30:27.21
358	e26f424a-dc5d-417d-add3-cfebf8d2b20e	23:46:44.59
359	d142e8f6-0b8d-4de4-9baf-9908c8b1cac9	00:01:47.167
362	21698c0c-3aa6-4147-9c0c-45305fbce9d2	00:08:40.474
368	c55d1b29-dfb9-4e57-9fbd-07338f41c5ab	00:15:00.505
369	5e1d00ac-3d11-49fa-b026-b402e1d31682	14:35:52.933
370	9b845dd1-ee24-4bd6-bf56-45e6457b6c49	14:36:07.708
371	c2f30fe2-242d-4d42-a19e-dd0771f0d7d2	14:51:14.745
372	44bc3abe-280c-460a-bb5d-2c1abf14716b	15:07:03.95
373	781a75c1-aa33-4999-96fd-49be7a7c99c4	15:07:37.914
374	88cdf94b-b445-49db-af75-d011a7c38527	15:12:25.434
375	2eaa68b0-cdd3-4b3c-91a0-c021bd6b545d	15:13:33.917
376	2646b4aa-37e0-4afc-8e52-433ef84530e7	15:50:18.882
377	595683a4-c35f-4e6d-a706-c361fa1a4797	15:50:18.888
378	612c3bcb-9474-4cda-a2ca-9304310778eb	15:51:45.286
379	a0fef14f-89e3-4d40-8466-3f59e8cd8ea9	16:02:35.811
381	49ad5399-0bd4-47a9-9d33-57ba3f1d19ea	16:06:02.383
380	daceefa7-eea1-419c-aef8-4ac720acb97c	16:06:02.382
382	0e11b339-4003-4eaa-9f78-aa44a88b28e8	22:51:11.834
383	54a5d57a-b63a-46b4-a771-4454bfe8a8b9	23:06:14.025
384	ca2dae7e-72dd-4fc7-9251-6983a8e9f25e	23:06:14.03
385	d0d7660d-671e-4c64-975f-d7524522ff43	23:14:01.683
386	448e9ef5-e91e-43d6-bce4-b0e366386913	23:14:01.691
387	81d923f1-af15-4c61-8549-844bbd25b1f2	23:21:47.455
388	07f40ef6-3f9c-4857-8fc7-efcf78fc5cfa	23:21:47.462
389	7caa1e10-48e0-40e9-a850-4965dc0cb103	20:29:29.914
390	b0609c50-b521-40a9-81e1-aeb6a8d78d9f	20:29:29.914
391	0cf90044-9d3b-49c5-a6fd-6815c4d9c2dd	20:30:24.5
392	02c7eaa2-fcab-4a3b-8d9e-dd0e71440328	20:39:02.636
393	d9681650-d412-4a0b-b04e-6569308abba7	20:46:16.452
394	9141f241-365d-429d-a16b-826031d30fca	20:46:16.466
395	4f983573-89ba-4258-ad0f-4585488a6813	20:46:16.569
396	339ad293-0ee9-4ffa-9f48-2525401b8da9	20:46:16.59
397	06d08c41-4168-4fcf-adf5-32a00203618f	23:57:48.924
398	a70084b3-c703-454d-8349-126612d93272	23:57:48.931
399	04865950-f2bc-4c07-bd66-c95abfdb672f	23:57:57.77
400	13340deb-d8ff-4b8b-b5e8-a5af7af72ced	00:24:25.414
401	4881e1fd-4fa2-4b34-b102-e72850233908	00:24:25.435
402	5ddd8370-4287-4f94-a088-8e1cbb680d68	09:49:07.454
403	b052d781-1ba7-4a50-bd13-e57929684efb	10:50:23.922
405	7710c528-c182-4563-b496-62b30dba70ed	11:07:42.087
406	0bab810e-54b0-4a24-9c3f-34491c315698	11:07:53.765
408	d123b01a-2832-4025-aca1-8364e22f59ba	11:11:36.008
410	e1c4ede1-9da8-4ce4-ac32-4497d08f2042	21:20:03.065
412	f80b449d-2d07-4e26-8905-7057b7099f36	21:22:38.97
413	d8f2b347-a5cd-428a-8f83-3354e54f08d5	21:35:59.387
414	0df22f24-472a-4119-b19f-cf73d2e3571b	21:35:59.387
415	4a6f918b-6071-405a-ba9e-3f3567a8661c	21:51:05.706
416	fcc56f31-e1b3-4eec-b598-29c80a3bd821	22:11:53.552
417	aeafb4cb-fee9-4a0e-b013-7e7467577c66	23:05:05.285
418	48b1224e-b2fc-450d-889a-78611b1612f9	00:51:15.281
419	df4235a5-660e-4967-b796-08106ddbc174	00:51:52.52
420	06d6c5b2-ed8d-44b4-8dec-6318ac00ada0	00:51:52.528
421	091febf8-377a-4b9f-b042-4f4c56f95418	01:07:30.047
422	cfd1a1f5-fb15-4911-bffd-79877255a0c5	01:07:30.055
423	4eb44ba0-413e-4e2b-91ef-4c099b16c11f	01:17:50.685
424	e327e46e-9af4-4922-9db6-d5935b751e0d	01:17:50.69
425	b668fd16-d138-4924-bffd-69dc79014a97	09:35:34.729
426	4a101a4f-f385-4051-a962-b5b897aa01ec	09:36:35.108
427	6c8369b1-f4fc-417c-8146-9e122693b3de	09:36:35.113
428	14bb4d8a-b1b9-4df1-84e3-b93ecf06e371	09:36:52.758
429	8bff03c2-e375-4097-a601-03abc07821d0	09:52:12.341
430	cfeab11e-0f0c-4e78-b132-3c44e2f13927	10:08:16.139
431	98de71a0-7f6e-4048-86a5-2ef7628ce7a9	10:30:49.344
432	36ddbf9a-6e85-43be-bd4b-08d155f4f243	16:06:50.174
433	9a4869ca-5530-4c0d-ae58-d9a9ae736250	16:07:37.198
434	aca9c900-9e01-451a-b4c7-93bc3a245a90	16:14:38.098
435	44de1c43-112e-461a-920a-60e25be8ff27	16:14:38.105
436	7ad7ee2e-7313-4984-a8f3-0aa0681ebf9f	16:16:38.431
437	fade26e3-8ec0-4267-a823-957cf373d03b	16:32:00.003
438	095c802e-b470-42c5-ab6a-317ed23be7fd	16:48:22.793
439	9d1260bd-b5e7-4a35-955d-d46cbb6dc4fb	17:04:57.055
440	7e62fa9b-1669-4fa8-9f11-41736f9161ad	17:04:57.135
441	81ace44b-a950-4ee4-924b-80e47f5f3910	17:21:39.055
442	5941ac9e-2848-4ece-b929-385f5ce31b1b	17:37:02.932
443	ef036cb7-512e-406e-af77-ccbb9023cbbc	18:02:48.099
446	ccd6bc15-101f-4be5-a094-9784cf80b5c7	18:11:10.705
447	b937faed-de88-406f-be44-d99a2de92169	18:17:38.712
448	da1ecd91-03d8-4f88-8bae-9318d4d7c9b1	18:30:47.185
449	eabe5abf-9b08-43b8-887a-56e3dc035ff4	18:34:39.507
454	5d6b0a02-bf98-42b4-b792-0c63692ad936	18:54:09.559
457	fe99107e-60a0-4d35-a180-e6b02d23009f	19:01:02.12
458	c4983fee-fdac-4ba2-aa11-f678b9de31b7	19:09:21.314
459	72475e56-bc7a-4ec9-a61f-92839b61b9c1	19:09:21.323
460	aadada40-cd97-4eb4-b212-e70b8db7ddad	19:25:38.593
462	b4ff8fa4-fff5-45ba-989d-97087d3f88f8	19:27:44.126
463	14c59edd-0413-4a52-8bd6-bf356c792871	19:30:10.163
464	60837ff7-ffbb-4a8c-8633-a9535e4889b9	19:30:10.172
465	9d7521c1-9fad-4281-ad05-aa57947df0fb	19:30:19.7
470	c3168d51-2dcb-45f5-8cdf-76cb24daadde	10:22:33.463
469	c02ab943-ca45-45ed-892a-e0f4677dc29c	10:22:33.463
471	589d44e6-f975-4fb3-a72d-d99e1484aed5	10:23:21.865
473	fb61dad5-36f0-4bee-a9ba-aacb481b2629	11:36:45.706
474	ef2fd94c-7598-4cda-a0f0-50beb320b80b	11:36:45.708
475	0f5c6069-0474-4678-ab0b-663631eb63b8	12:00:53.115
476	a6793c15-c38d-4e99-a589-af2129e8eb56	12:00:53.122
477	aabf007c-272d-4b4b-aaa3-0c2aa3d08a8d	12:01:07.758
478	8bbf3a41-dbbc-49c2-b7a9-92bd8f220376	12:01:07.761
479	3e18069a-7411-4cfa-9ca0-3cae5647d91b	12:19:05.527
480	f05ca671-b186-4fd4-bbe0-8c799876e502	12:19:05.53
481	1e181009-f61b-44c2-82ad-d6d594fa50c7	12:34:05.73
482	3f1ae8d5-6e2a-4f55-a9b8-d66c576c7e03	12:34:05.743
483	051d1f55-5a0f-44c3-8338-7f54ce7a4002	13:00:46.655
484	3348d7f6-2fed-476f-894c-99f4b4276139	13:00:46.663
485	ea750f96-66e6-4ae9-954d-d375a57be097	13:25:01.002
486	34fd32e9-c69a-460e-984f-adc92f914a22	13:25:01.043
487	438afdca-a494-4184-ad16-073c96e8d8b5	13:25:01.064
488	6f613111-e533-4da9-97d7-4b8f1cd956e8	13:25:01.082
489	3c72b9a6-75b7-4a1c-92ed-163cfdf869a8	13:57:21.287
490	31be881d-8981-4db0-b0d3-8c4eeb2382ac	14:13:21.646
491	5efa35eb-986e-494b-bf83-7b6f8595327a	14:51:24.243
492	93354030-4458-4d91-8900-88fbd3f9717b	14:51:24.243
493	175ce499-c76e-4e69-8713-afd2f7fdfa46	15:07:55.811
494	810785e0-da3a-4cae-95ac-af67d7944e1e	15:07:55.812
495	bcd77c54-57c9-4bd7-94f7-1b1bba146161	15:08:00.302
496	a827a5ec-e5b9-474f-8c79-ac449723513f	15:30:53.723
497	b76e15ad-da3a-4f09-a1a1-f5258907503d	15:55:26.36
499	c742c09e-da30-448e-84ec-6b6b81b183ad	16:50:32.063
498	7fe8a5e3-aae0-4d0c-af96-4d04900ae9bf	16:50:32.062
500	88dcd562-86c1-4138-8d6b-e28ff7126c72	16:50:38.814
501	4e262dab-1e70-4799-9be3-cc7c2a6c6472	16:50:38.817
502	9ae9a767-c6d2-48ff-aaa3-bc1c6051045b	18:31:42.595
503	73a8249f-4655-4cae-9a01-bf2ef606c24f	18:33:29.67
505	861ad850-b2ed-41d3-bbd4-24108a0a6f9b	18:38:00.813
506	f7c5cf10-fd53-442a-b1b1-385cb4724a8b	18:44:38.795
507	be7e71b4-aa17-4b16-b969-fad09f511ac8	18:44:38.803
508	3a452067-94c6-4852-95cd-5d4091595fa7	18:48:36.455
509	a741ccec-15de-4381-8936-0ba8d95a5743	09:24:17.557
511	4e293122-df40-4c5d-89cf-e61e1dae1f87	09:43:28.073
513	f747bd7c-eaa5-4135-aaac-7fef5f801d8a	09:44:10.4
514	03a07d85-ed7b-47bd-aa1b-7dba0a9f03d4	09:48:25.7
515	26a3e706-07b9-40aa-b11b-685ed12564b1	10:00:45.705
516	6b10d1a5-179e-428b-b26c-68de3b9c25be	10:03:35.641
518	3a53e29b-6bbb-4064-8dda-ae822fbe22ca	10:17:16.029
519	b6c7f960-acbe-48c0-aafb-9a4951a554b6	10:17:16.038
520	77761012-bff2-459b-a8e9-e71beab314a1	10:18:36.919
521	4eea5c0a-0d9f-41ff-b73e-0f8541f0d7a1	20:56:43.967
522	7d601001-6018-495c-bd94-cce13201798b	20:56:43.971
523	93b2c8d6-86c8-45ab-9265-58c76e880feb	20:57:36.97
524	b64c0b91-cdfb-4b91-bf78-c1d2cf56ce84	21:14:34.065
525	475f15e0-4db7-4d5a-bd69-68cc78712e75	21:41:34.964
526	0de1d709-6e44-439e-83a4-b3f2cd447b77	21:41:34.965
527	fd0fb5b3-9596-404e-a286-c6e21f95e0a2	22:36:43.323
528	ab5a9991-dc9d-4ac1-bff4-5ffb8194ae2f	22:36:43.328
530	1edcb238-f999-4387-ac7f-0de4b6b2fcc2	22:37:04.415
531	3f915abd-357e-4a3b-8af7-9212e073d345	22:52:06.061
529	6be498a1-2a33-437c-8f26-ad45003cd1da	22:37:04.403
532	aa54e551-9905-47f5-b1af-de2d26f2d72a	23:17:07.944
534	fdf38690-a5ad-4cd3-a74a-a296dc6b3de7	23:33:03.549
538	115eaf04-4270-4664-b45b-41ff7199c0ec	23:48:40.263
539	5a2fe6df-1dfc-4d22-99e4-9db7958ccf90	23:48:40.269
544	98bdadda-f1c8-45fe-aff7-e9537c35a3e5	00:05:50.027
545	6b52e2eb-5364-4b84-90fd-1a27b25e6bef	00:05:50.029
546	fd89a41e-7a3c-4328-991b-c7dd2e3abdc8	00:06:53.608
547	b6745f7d-1bbe-461b-a652-1ee6604970d7	00:06:53.61
553	34e6f460-54a7-4962-9dcb-eefdaf7c227d	14:21:07.634
554	15dcbf99-2ecd-4e01-a44b-d4b8f5a10c67	14:21:07.635
555	a3b3c1d3-7e05-4b88-a6a4-f630d87948c7	14:21:46.898
556	29aaf324-dd88-4037-9e4e-66498fceb97e	14:30:43.046
557	09e6d16f-fc4f-4430-bb65-c1810ca1e8bd	14:30:43.078
558	1d7122b8-ef84-46c8-ab0b-12ff669ab1d8	14:32:14.148
559	9651ab87-a736-45ba-a465-f0725e7dc164	14:40:51.484
560	d040bc67-52ca-467e-ab2c-acf7b57f2408	14:41:05.641
561	4b9653cc-7084-4627-a099-f15cb64341fe	14:58:02.092
562	54a0d4cf-9373-443b-b2f5-9ea53c7338a4	14:58:02.098
563	86c2ef64-7efb-4149-b22d-dfd88003ec23	14:58:44.255
564	2b597a6e-28fa-452a-9945-442b59589e32	14:58:44.257
565	5f414465-b04d-44f5-b4fe-7ae4595bb851	15:03:15.11
566	c3a01584-534a-47bc-9510-9a8735cc072c	15:13:04.811
567	ca31e732-a0d2-48dd-b4c9-610e1246294f	15:16:33.139
568	d5edbf09-2cd5-403c-ab56-7011b29bc47d	15:17:10.195
569	bd01a90a-2958-4905-86d5-16f943ada3e4	15:18:59.547
570	a58bce5b-83f3-4b89-b7f9-f56999be83c2	15:21:05.239
572	f29a1b48-b581-42ce-8ca6-0cbad68cc63d	23:42:04.196
573	7f2fb9a2-f8f4-4fc3-bb46-a2d02dabe691	23:42:04.198
574	9a178f57-9795-43e0-a41f-1d8703d6c3e8	23:42:53.629
575	18c7e175-8c8f-45c0-806e-db9bdf2ea254	23:46:22.92
576	1b316a98-b3f7-4036-a83f-98e05c2ae897	23:48:57.176
577	23895073-7aca-4e3f-b6bd-7effd1a88631	23:52:54.801
578	bf58b1db-aae0-4460-8858-f79365f5723c	23:53:08.506
579	ad47105a-8245-4cc5-8eca-3a357acbb10e	23:55:18
580	dc00a356-1254-450d-a48d-7aca560185e3	23:56:40.759
581	b7185768-bfa0-4943-a259-708efb29fdd5	23:57:03.842
582	1314d11a-e422-4146-b50e-275bcfaaa7ec	23:58:28.131
583	949cde52-e86b-40bd-a2bd-53c8d4bcf774	00:00:57.687
584	c22936cb-3261-432d-91f1-f7366225eda2	00:01:46.777
585	b7caefa3-e971-4ba3-989d-2523f3c46294	00:07:20.692
586	6675bc69-9f65-4076-b03c-9c60cfc5628d	00:14:04.165
587	8ff5c45f-c82c-45f1-a644-9d70b242fed5	00:14:04.176
588	bfaecbb6-3e59-4465-ba95-2cf089af32a4	00:22:23.027
589	78965b05-427b-449e-8036-b3bfb9267820	00:22:23.027
596	7bdbaa80-83ec-4f67-a1dc-9657d71f8cda	00:58:43.433
597	16236b97-10a6-4496-94e2-77bba8baec61	00:58:43.442
610	cdd32ccf-f6cc-4126-b0fa-9c404e0fa56f	13:08:21.16
611	c5f9d3f5-b144-40b6-a20b-ed8fccdf7e81	13:08:21.161
612	a7b157c5-b017-4630-bfd2-88e6ebecdedc	13:08:40.698
613	10714920-2f7b-4ad9-811d-ac15fb15e22c	13:46:28.845
617	49529487-5ac1-4759-b80d-c08ddcba994a	20:47:52.349
618	7f673ab7-494f-4944-bd93-77e29b39ec99	20:47:52.36
620	dc591ff6-61a3-493b-a15a-242dcc4fb323	22:31:16.819
621	b4600c4d-51cf-4f81-92b7-53a2e9160978	22:31:16.827
622	06d447af-0764-4f00-b519-87bf84a784de	21:34:55.362
623	9341151b-2fb9-4e37-b0c7-c5c3adf5ee2c	22:15:55.292
624	da8d218b-388d-4f60-b174-7cec5108de34	22:29:52.246
625	169e719b-d22d-46cc-bbf8-24a023f04e76	22:36:29.631
626	a0e7bf91-947b-4716-88cd-4ecf7ae0323e	10:52:11.11
627	04517a6e-c534-4411-931e-5bb796e9fd95	15:59:29.868
628	f8b31afb-8055-4eed-b075-3adb50e60578	20:56:09.805
630	4b19f122-8471-4ab7-9ab4-0a94c29721b2	21:44:41.59
631	469ca29d-442e-4070-b54a-68d06a5110aa	21:55:54.921
632	801d19a1-8da7-4bd3-961c-f9296936eacb	22:01:57.481
633	35c698ca-ec06-4f51-baee-a5f8c507e4cb	22:03:16.792
634	6978ed9b-98b1-40ec-8fa7-e48ddc8e3e85	22:03:24.258
635	1fbe49ec-b198-4f86-8947-554866984611	22:03:32.427
636	bb5cdf5b-2d44-434f-be67-c09febdf12a8	22:03:37.754
637	33841d50-29e0-4926-bd43-e8ef017b4011	22:05:49.585
638	3171ddfb-8497-4575-9fc4-c14c8a2d957e	22:06:33.81
639	23895c95-7263-44b4-a7eb-8ba909c4fbca	22:07:37.457
640	26ba8c1c-1511-4cf5-8eaa-61800290e62a	22:08:34.748
641	ab60eab3-fafe-43ad-ad04-24d931fd8cd2	22:30:17.897
642	39b6908f-c295-4577-bf39-eb249d97532c	22:30:20.741
643	f99a0589-cfec-41c1-9b66-865e3f4c5154	22:30:22.782
644	40a0f910-1ada-43fd-a178-ccc535137a5c	22:30:25.262
645	3bf88386-ec2b-471e-b5bf-a7738d5bab52	22:30:27.184
646	b3c2d71f-780c-49a4-88fb-333d0d50ffd0	22:30:49.756
647	9b7da34b-abaa-436b-a463-18e555a3ea3d	22:30:53.726
648	eae1f8c8-3e06-4f0a-9300-0cee1dfdb700	22:31:00.226
649	de4a477e-03b6-498f-b9d3-9c548a65b81c	22:31:03.2
650	a61f10eb-5fd3-472d-ae99-4848a173461a	22:31:25.356
651	22e09d30-c9a0-49e9-ade0-56422c8679b9	22:31:27.921
652	e2e92e4a-1ca4-4818-9061-af8edead50da	22:31:30.331
653	7de060ec-7f7a-4f46-93c7-b1c040a528ee	22:31:31.583
654	56ae9aea-80f2-4cb6-8b94-579a768dd6eb	22:31:32.767
655	46cb253e-f9db-40a6-a0de-c2546c9f8555	22:31:33.809
656	f72b717e-bb54-4967-8b7c-492e54cfde32	22:31:35.187
657	83dbb794-0015-4502-a6b2-85b07173393d	22:31:36.16
658	0b68938b-ce8a-48de-9540-63cd50a3dac1	22:31:37.146
659	cdb7e937-6a31-4006-b6b5-33c9711745ef	22:31:38.274
660	635c29f4-4cf7-4084-b770-b8767207e2ab	22:31:39.184
661	233e8623-a16e-4f2a-ac58-971f68e0372e	22:31:40.505
662	0be187a8-5aeb-467c-819d-0bae7277923e	22:31:41.752
663	d1a58871-27fe-49ab-8517-d67b6eb4fb2e	22:31:42.929
664	2f7fa4cb-c59c-4772-831f-967bb5a549ea	22:33:26.891
665	27238d0f-04ef-44df-8562-437a4f2982a2	22:33:48.668
666	f7999e5e-4b6d-48fa-908c-0869f8ab24c3	22:33:54.691
667	195b99c4-f129-49a3-9e85-f2042cb0c060	22:33:57.612
668	cf151cbf-9bde-43f0-96dd-93e8bafd6862	22:35:32.454
669	ea0f976f-fd0f-4b27-a3d5-e856c84c002e	22:35:43.863
670	c304f509-a29b-45f4-8c66-5b7abb3a398b	22:35:49.542
671	f81580f3-e662-4d6f-94fd-f56768bde03e	22:35:51.08
672	5210c105-9c61-42bf-9e45-56deac4e551e	22:35:51.927
673	e263314b-d503-4c64-880c-2810ddc805a2	23:02:46.426
674	cc6d5f8c-3de4-4ac1-b68e-53de5c78bf9d	23:02:46.424
675	2cd48e1d-4462-4724-a802-675e582acb9a	23:03:06.917
676	d1d820c0-b0c3-4b84-8c8c-b66abe1e5695	23:27:15.078
680	0d0b1244-6fe5-480d-8ef7-61a724c51706	23:42:30.958
682	bbc7d0af-f945-4c2b-bae9-d020c9b7f466	23:57:56.916
\.


--
-- TOC entry 2859 (class 0 OID 32799)
-- Dependencies: 201
-- Data for Name: subreddius; Type: TABLE DATA; Schema: public; Owner: postgres
--

COPY public.subreddius (id, name, description, user_id, creation_date) FROM stdin;
34	Monsters Inc Openening!!	What do you think about hanging out in coronavirus times ?	17	\N
35	Monsters Inc Openening!!	What do you think about hanging out in coronavirus times ?	17	\N
36	Monsters Inc Openening!!	What do you think about hanging out in coronavirus times ?	17	\N
37	Monsters Inc Openening!!	What do you think about hanging out in coronavirus times ?	17	\N
38	Monsters Inc Openening!!	What do you think about hanging out in coronavirus times ?	17	\N
39	Monsters Inc Openening!!	What do you think about hanging out in coronavirus times ?	17	\N
40	Monsters Inc Openening!!	What do you think about hanging out in coronavirus times ?	17	\N
132	Monsters University Scream Olympics	Do you think Sullivan is going get that throphy?	17	\N
404	Monsters University Scream Olympics	Do you think Sullivan is going get that throphy?	169	\N
407	You better deliver an amazing Halo Infinite 343!		169	\N
409	Black Ops	A community for Black Ops fans	169	\N
411	Call of Duty MW	Call of Duty fans community. Enjoy!!	169	\N
451	Strange error	fafaffa	169	\N
687	Skyrim Fans	This a fan community for Role Game Skyrim.	169	\N
\.


--
-- TOC entry 2858 (class 0 OID 32796)
-- Dependencies: 200
-- Data for Name: tokens; Type: TABLE DATA; Schema: public; Owner: postgres
--

COPY public.tokens (id, token, user_id, expiration_date) FROM stdin;
\.


--
-- TOC entry 2856 (class 0 OID 32790)
-- Dependencies: 198
-- Data for Name: users; Type: TABLE DATA; Schema: public; Owner: postgres
--

COPY public.users (id, username, password, email, creation_date, enabled) FROM stdin;
9	Mike wasauswki	$2a$10$yyrXGzeoJEpJTD0CDE0YmuQSNN6A9HaUvnTcCDezUxRAgvLbAoqLq	simonfruavargas@gmail.com	2020-08-06 23:09:30.149	t
7	Simon Rua	$2a$10$28hHgISOlW3m8.ejecg96.f6NLOwGnM4ltD5PR9rr26Jl4FA7/A9e	simonfruavargas@gmail.com	2020-08-06 14:57:15.718	t
11	James P Sullivan	$2a$10$55AcRmLjOmZ8ACLfvy3aiObw6FlMMfaFurlVmXkMQq6L72c5Q4Gyi	jamsullivan@monstersinc.com	2020-08-06 23:23:15.364	t
13	Randall Boggs	$2a$10$VJ.HDxUecBdk4bVSKITe2uuuVZfBqm9HM0MV1RjSSVU0FWW7RcvG2	randallboggs@monstersinc.com	2020-08-06 23:33:45.514	t
15	randallboggs	$2a$10$vvNkQC72F6At4vRfFuVeTuvN/bvE3jd8OE/NY223fsbPJ8yzC7mOq	randallboggs@monstersinc.com	2020-08-07 18:44:48.718	t
17	mikewasa	$2a$10$k.NXii0VUmXcL0qr4wQW..acGllXunSJYo.38p8sINl96qfRqDdCO	mikewasa@monstersinc.com	2020-08-07 19:39:45.423	t
19	henryj	$2a$10$xHMAMz/fkbPeec9tvqLNyen6/GweJDd.GhJsXOH6gVPGOzWmgJin6	henryj@monstersinc.com	2020-08-07 19:56:37.132	t
30	lucky	$2a$10$qbvEUQ9CV7m4jgX7cEDNpeGPG7lHLoVhVwiwoX9E74IMhAGCCLB/S	lucky@monstersinc.com	2020-09-02 20:00:45.077	t
138	ranger	$2a$10$kW1jR2Xf5HBHH9EBLLH5quOBHprqIIxdcW5ZTJ/d62e3QWe6cLYh2	simonfruavargas@gmail.com	2020-10-17 01:22:59.184	f
140	kaiser	$2a$10$cbZBnx5fG5.WIqbqJHbUg.65im9a4M4q7IJWA6seV9N9p40Pk6kPC	sargent@gmail.com	2020-10-17 01:25:09.291	f
142	kaiser	$2a$10$eeauHBA.EnV//pdfZVAsVezkjZh/1u0870BtlyBq0f.vDS2Tzzgma	sargent@gmail.com	2020-10-17 01:25:55.106	f
144	elfkaiser	$2a$10$kRqYLObQ3ucifU8g7w.0X.slGdOQoRz/Iz7X/VFfbjgaIJPBsLE3K	sargentdul@monsteruni.com	2020-10-17 01:27:14.774	t
146	sullivan	$2a$10$y9JfVCDWLNazcZLwghym8.Rncy/jd9.Iv.4v7wgTpqGGZbhdQyU4q	sullivan.mike@monstersinc.com	2020-11-05 21:16:29.355	f
148	mike.wasaoski	$2a$10$6vKST9MfOB2dOmj8tYNYH.GZlnJXG/1IpI0FZzvzgMb8uHgS85vXm	mike.wasaoski@monstersinc.com	2020-11-05 21:25:00.555	f
161	isacc.monster	$2a$10$ksb2LeXDPvYlnp5k.kDHGe0McCvOs/Q1gHwLsE444nSSz6Ru.SMF6	isaac@monsters.inc.com	2020-11-28 16:35:33.665	f
169	demonslayer	$2a$10$29k2BIh9QTOUwWNDkQBM/OZVBlzUlTSbglJiOQ4.MNUPs1.wr44ey	doomguy@monstersinc.com	2020-11-30 11:54:05.191	t
192	imp	$2a$10$Qlrk3fbkIXt0aU2p4lr78uVmbIOG6joMxXtrUqnzi8TBMm00d.rgq	imp@monstersinc.com	2020-11-30 16:17:16.395	t
\.


--
-- TOC entry 2857 (class 0 OID 32793)
-- Dependencies: 199
-- Data for Name: votes; Type: TABLE DATA; Schema: public; Owner: postgres
--

COPY public.votes (id, post_id, user_id, vote_type) FROM stdin;
62	43	30	DOWNVOTE
129	48	30	UPVOTE
366	43	169	UPVOTE
365	128	169	DOWNVOTE
364	44	169	UPVOTE
363	47	169	DOWNVOTE
367	48	169	UPVOTE
472	467	169	UPVOTE
360	45	169	UPVOTE
629	445	169	DOWNVOTE
361	46	169	UPVOTE
677	450	169	UPVOTE
679	678	169	UPVOTE
689	688	169	UPVOTE
\.


--
-- TOC entry 2867 (class 0 OID 0)
-- Dependencies: 202
-- Name: hibernate_sequence; Type: SEQUENCE SET; Schema: public; Owner: postgres
--

SELECT pg_catalog.setval('public.hibernate_sequence', 689, true);


--
-- TOC entry 2724 (class 2606 OID 49183)
-- Name: refreshtoken RefreshToken_pkey; Type: CONSTRAINT; Schema: public; Owner: postgres
--

ALTER TABLE ONLY public.refreshtoken
    ADD CONSTRAINT "RefreshToken_pkey" PRIMARY KEY (id);


--
-- TOC entry 2714 (class 2606 OID 32808)
-- Name: comments comments_pkey; Type: CONSTRAINT; Schema: public; Owner: postgres
--

ALTER TABLE ONLY public.comments
    ADD CONSTRAINT comments_pkey PRIMARY KEY (id);


--
-- TOC entry 2712 (class 2606 OID 32786)
-- Name: posts posts_pkey; Type: CONSTRAINT; Schema: public; Owner: postgres
--

ALTER TABLE ONLY public.posts
    ADD CONSTRAINT posts_pkey PRIMARY KEY (id);


--
-- TOC entry 2722 (class 2606 OID 32810)
-- Name: subreddius subreddius_pkey; Type: CONSTRAINT; Schema: public; Owner: postgres
--

ALTER TABLE ONLY public.subreddius
    ADD CONSTRAINT subreddius_pkey PRIMARY KEY (id);


--
-- TOC entry 2720 (class 2606 OID 32824)
-- Name: tokens tokens_pkey; Type: CONSTRAINT; Schema: public; Owner: postgres
--

ALTER TABLE ONLY public.tokens
    ADD CONSTRAINT tokens_pkey PRIMARY KEY (id);


--
-- TOC entry 2716 (class 2606 OID 32803)
-- Name: users users_pkey; Type: CONSTRAINT; Schema: public; Owner: postgres
--

ALTER TABLE ONLY public.users
    ADD CONSTRAINT users_pkey PRIMARY KEY (id);


--
-- TOC entry 2718 (class 2606 OID 32822)
-- Name: votes votes_pkey; Type: CONSTRAINT; Schema: public; Owner: postgres
--

ALTER TABLE ONLY public.votes
    ADD CONSTRAINT votes_pkey PRIMARY KEY (id);


--
-- TOC entry 2728 (class 2606 OID 32816)
-- Name: comments comment_post; Type: FK CONSTRAINT; Schema: public; Owner: postgres
--

ALTER TABLE ONLY public.comments
    ADD CONSTRAINT comment_post FOREIGN KEY (post_id) REFERENCES public.posts(id);


--
-- TOC entry 2727 (class 2606 OID 32811)
-- Name: comments comment_user; Type: FK CONSTRAINT; Schema: public; Owner: postgres
--

ALTER TABLE ONLY public.comments
    ADD CONSTRAINT comment_user FOREIGN KEY (user_id) REFERENCES public.users(id);


--
-- TOC entry 2726 (class 2606 OID 32835)
-- Name: posts posts_subredd_fk; Type: FK CONSTRAINT; Schema: public; Owner: postgres
--

ALTER TABLE ONLY public.posts
    ADD CONSTRAINT posts_subredd_fk FOREIGN KEY (subredd_id) REFERENCES public.subreddius(id);


--
-- TOC entry 2725 (class 2606 OID 32830)
-- Name: posts posts_users_fk; Type: FK CONSTRAINT; Schema: public; Owner: postgres
--

ALTER TABLE ONLY public.posts
    ADD CONSTRAINT posts_users_fk FOREIGN KEY (user_id) REFERENCES public.users(id);


--
-- TOC entry 2732 (class 2606 OID 40975)
-- Name: subreddius subredd_users_fk; Type: FK CONSTRAINT; Schema: public; Owner: postgres
--

ALTER TABLE ONLY public.subreddius
    ADD CONSTRAINT subredd_users_fk FOREIGN KEY (user_id) REFERENCES public.users(id);


--
-- TOC entry 2731 (class 2606 OID 32825)
-- Name: tokens token_user_fk; Type: FK CONSTRAINT; Schema: public; Owner: postgres
--

ALTER TABLE ONLY public.tokens
    ADD CONSTRAINT token_user_fk FOREIGN KEY (user_id) REFERENCES public.users(id);


--
-- TOC entry 2729 (class 2606 OID 32845)
-- Name: votes votes_posts_fk; Type: FK CONSTRAINT; Schema: public; Owner: postgres
--

ALTER TABLE ONLY public.votes
    ADD CONSTRAINT votes_posts_fk FOREIGN KEY (post_id) REFERENCES public.posts(id);


--
-- TOC entry 2730 (class 2606 OID 32850)
-- Name: votes votes_users_fk; Type: FK CONSTRAINT; Schema: public; Owner: postgres
--

ALTER TABLE ONLY public.votes
    ADD CONSTRAINT votes_users_fk FOREIGN KEY (user_id) REFERENCES public.users(id);


-- Completed on 2021-03-26 22:12:40

--
-- PostgreSQL database dump complete
--

